[{"model": "contenttypes.contenttype", "pk": 1, "fields": {"app_label": "admin", "model": "logentry"}}, {"model": "contenttypes.contenttype", "pk": 2, "fields": {"app_label": "auth", "model": "permission"}}, {"model": "contenttypes.contenttype", "pk": 3, "fields": {"app_label": "auth", "model": "group"}}, {"model": "contenttypes.contenttype", "pk": 4, "fields": {"app_label": "auth", "model": "user"}}, {"model": "contenttypes.contenttype", "pk": 5, "fields": {"app_label": "contenttypes", "model": "contenttype"}}, {"model": "contenttypes.contenttype", "pk": 6, "fields": {"app_label": "sessions", "model": "session"}}, {"model": "contenttypes.contenttype", "pk": 7, "fields": {"app_label": "inventory", "model": "stock"}}, {"model": "contenttypes.contenttype", "pk": 8, "fields": {"app_label": "inventory", "model": "category"}}, {"model": "contenttypes.contenttype", "pk": 9, "fields": {"app_label": "transactions", "model": "supplier"}}, {"model": "contenttypes.contenttype", "pk": 10, "fields": {"app_label": "transactions", "model": "purchasebill"}}, {"model": "contenttypes.contenttype", "pk": 11, "fields": {"app_label": "transactions", "model": "purchaseitem"}}, {"model": "contenttypes.contenttype", "pk": 12, "fields": {"app_label": "transactions", "model": "purchasebilldetails"}}, {"model": "contenttypes.contenttype", "pk": 13, "fields": {"app_label": "transactions", "model": "salebill"}}, {"model": "contenttypes.contenttype", "pk": 14, "fields": {"app_label": "transactions", "model": "saleitem"}}, {"model": "contenttypes.contenttype", "pk": 15, "fields": {"app_label": "transactions", "model": "salebilldetails"}}, {"model": "sessions.session", "pk": "gdrh3lwp81xh65mepehidc6c1mtkn06l", "fields": {"session_data": ".eJxVjMsOwiAQRf-FtSHA8NKl-34DgRmQqoGktCvjv2uTLnR7zzn3xULc1hq2kZcwE7swyU6_W4r4yG0HdI_t1jn2ti5z4rvCDzr41Ck_r4f7d1DjqN866mKFiM5rLRUkr6gIS1kCamtJJMxklEEnDFiQkM-QUArvwXlvCib2_gDLbTc2:1msbOI:W1S49VSNX8o6EnGy9fQHP7hLhmwnUajEKXeFN9BiMI4", "expire_date": "2021-12-16T02:00:06.191Z"}}, {"model": "sessions.session", "pk": "t9oeabzzvotaezgvcurb58scn5ynlb2x", "fields": {"session_data": ".eJxVjMsOwiAQRf-FtSHA8NKl-34DgRmQqoGktCvjv2uTLnR7zzn3xULc1hq2kZcwE7swyU6_W4r4yG0HdI_t1jn2ti5z4rvCDzr41Ck_r4f7d1DjqN866mKFiM5rLRUkr6gIS1kCamtJJMxklEEnDFiQkM-QUArvwXlvCib2_gDLbTc2:1msbYr:vSAACf7o3w_mci9h3T-7MtflQJSntwgxyw69ERg05nw", "expire_date": "2021-12-16T02:11:01.740Z"}}, {"model": "sessions.session", "pk": "vkokukk83mtefpdzoc0yn5psubunhicp", "fields": {"session_data": ".eJxVjMsOwiAQRf-FtSHA8NKl-34DgRmQqoGktCvjv2uTLnR7zzn3xULc1hq2kZcwE7swyU6_W4r4yG0HdI_t1jn2ti5z4rvCDzr41Ck_r4f7d1DjqN866mKFiM5rLRUkr6gIS1kCamtJJMxklEEnDFiQkM-QUArvwXlvCib2_gDLbTc2:1msmpE:8dGy9DvEgTpy2uExL63RTQNRh5YziLs8cgECdgost8o", "expire_date": "2021-12-16T14:12:40.503Z"}}, {"model": "inventory.category", "pk": 4, "fields": {"name": "Articulos Limpieza"}}, {"model": "inventory.category", "pk": 6, "fields": {"name": "Comida"}}, {"model": "inventory.category", "pk": 7, "fields": {"name": "Insumos"}}, {"model": "inventory.category", "pk": 8, "fields": {"name": "Extras"}}, {"model": "inventory.category", "pk": 9, "fields": {"name": "Bebidas"}}, {"model": "inventory.stock", "pk": 14, "fields": {"name": "Lavandina", "quantity": 5, "is_deleted": false, "category": 4}}, {"model": "inventory.stock", "pk": 16, "fields": {"name": "Servilletas", "quantity": 3, "is_deleted": false, "category": 7}}, {"model": "inventory.stock", "pk": 17, "fields": {"name": "Cerveza", "quantity": 3, "is_deleted": false, "category": 9}}, {"model": "transactions.supplier", "pk": 1, "fields": {"name": "Luciano Marinez", "phone": "3434723485", "address": "Rivadavia y Bolívar", "email": "lucianomartinez27@gmail.com", "is_deleted": false}}, {"model": "transactions.supplier", "pk": 2, "fields": {"name": "Luciano Joselo", "phone": "3434723482", "address": "Rivadavia y Bolívar", "email": "joselo@gmail.com", "is_deleted": true}}, {"model": "transactions.purchasebilldetails", "pk": 12, "fields": {"billno": 12, "total": null}}, {"model": "transactions.purchasebilldetails", "pk": 13, "fields": {"billno": 13, "total": null}}, {"model": "transactions.purchasebilldetails", "pk": 14, "fields": {"billno": 14, "total": null}}, {"model": "transactions.purchasebilldetails", "pk": 15, "fields": {"billno": 15, "total": null}}, {"model": "transactions.purchasebilldetails", "pk": 16, "fields": {"billno": 16, "total": null}}, {"model": "transactions.purchasebilldetails", "pk": 17, "fields": {"billno": 17, "total": null}}, {"model": "transactions.purchasebilldetails", "pk": 18, "fields": {"billno": 18, "total": null}}, {"model": "transactions.purchasebilldetails", "pk": 19, "fields": {"billno": 19, "total": null}}, {"model": "transactions.purchasebilldetails", "pk": 20, "fields": {"billno": 20, "total": null}}, {"model": "transactions.purchasebilldetails", "pk": 21, "fields": {"billno": 21, "total": null}}, {"model": "transactions.purchasebilldetails", "pk": 22, "fields": {"billno": 22, "total": null}}, {"model": "transactions.purchasebilldetails", "pk": 23, "fields": {"billno": 23, "total": null}}, {"model": "transactions.purchasebilldetails", "pk": 24, "fields": {"billno": 24, "total": null}}, {"model": "transactions.purchasebilldetails", "pk": 25, "fields": {"billno": 25, "total": null}}, {"model": "transactions.salebill", "pk": 8, "fields": {"time": "2021-11-29T22:18:38.766Z", "name": "Harina"}}, {"model": "transactions.salebill", "pk": 9, "fields": {"time": "2021-11-29T22:31:27.512Z", "name": "sdf"}}, {"model": "transactions.salebill", "pk": 10, "fields": {"time": "2021-11-29T22:33:31.145Z", "name": ""}}, {"model": "transactions.salebill", "pk": 11, "fields": {"time": "2021-11-29T22:33:41.599Z", "name": ""}}, {"model": "transactions.salebill", "pk": 18, "fields": {"time": "2021-11-29T23:34:44.330Z", "name": "cacaroto"}}, {"model": "transactions.salebill", "pk": 19, "fields": {"time": "2021-11-30T00:21:38.965Z", "name": "cosme"}}, {"model": "transactions.salebill", "pk": 20, "fields": {"time": "2021-11-30T00:23:09.965Z", "name": "luciano"}}, {"model": "transactions.salebill", "pk": 21, "fields": {"time": "2021-11-30T00:28:31.206Z", "name": "luciano"}}, {"model": "transactions.salebill", "pk": 22, "fields": {"time": "2021-11-30T00:44:27.814Z", "name": "luciano"}}, {"model": "transactions.salebill", "pk": 23, "fields": {"time": "2021-11-30T00:47:50.544Z", "name": "luciano"}}, {"model": "transactions.salebill", "pk": 24, "fields": {"time": "2021-11-30T00:59:49.554Z", "name": "luciano"}}, {"model": "transactions.salebill", "pk": 25, "fields": {"time": "2021-11-30T01:39:18.554Z", "name": "luciano"}}, {"model": "transactions.salebill", "pk": 26, "fields": {"time": "2021-11-30T23:43:55.215Z", "name": "luciano"}}, {"model": "transactions.salebill", "pk": 27, "fields": {"time": "2021-12-01T01:30:48.685Z", "name": "luciano"}}, {"model": "transactions.salebill", "pk": 28, "fields": {"time": "2021-12-02T01:37:03.097Z", "name": "luciano"}}, {"model": "transactions.salebill", "pk": 29, "fields": {"time": "2021-12-02T10:02:27.330Z", "name": "luciano"}}, {"model": "transactions.saleitem", "pk": 20, "fields": {"billno": 20, "stock": 14, "quantity": 1, "perprice": 1, "totalprice": 1}}, {"model": "transactions.saleitem", "pk": 23, "fields": {"billno": 23, "stock": 14, "quantity": 1, "perprice": 1, "totalprice": 1}}, {"model": "transactions.saleitem", "pk": 27, "fields": {"billno": 27, "stock": 17, "quantity": 1, "perprice": 1, "totalprice": 1}}, {"model": "transactions.saleitem", "pk": 28, "fields": {"billno": 28, "stock": 16, "quantity": 1, "perprice": 1, "totalprice": 1}}, {"model": "transactions.saleitem", "pk": 29, "fields": {"billno": 29, "stock": 16, "quantity": 3, "perprice": 1, "totalprice": 3}}, {"model": "transactions.saleitem", "pk": 30, "fields": {"billno": 29, "stock": 17, "quantity": 1, "perprice": 1, "totalprice": 1}}, {"model": "transactions.salebilldetails", "pk": 8, "fields": {"billno": 8, "eway": null, "veh": null, "destination": null, "po": null, "cgst": null, "sgst": null, "igst": null, "cess": null, "tcs": null, "total": null}}, {"model": "transactions.salebilldetails", "pk": 9, "fields": {"billno": 9, "eway": null, "veh": null, "destination": null, "po": null, "cgst": null, "sgst": null, "igst": null, "cess": null, "tcs": null, "total": null}}, {"model": "transactions.salebilldetails", "pk": 10, "fields": {"billno": 10, "eway": null, "veh": null, "destination": null, "po": null, "cgst": null, "sgst": null, "igst": null, "cess": null, "tcs": null, "total": null}}, {"model": "transactions.salebilldetails", "pk": 11, "fields": {"billno": 11, "eway": null, "veh": null, "destination": null, "po": null, "cgst": null, "sgst": null, "igst": null, "cess": null, "tcs": null, "total": null}}, {"model": "transactions.salebilldetails", "pk": 18, "fields": {"billno": 18, "eway": null, "veh": null, "destination": null, "po": null, "cgst": null, "sgst": null, "igst": null, "cess": null, "tcs": null, "total": null}}, {"model": "transactions.salebilldetails", "pk": 19, "fields": {"billno": 19, "eway": null, "veh": null, "destination": null, "po": null, "cgst": null, "sgst": null, "igst": null, "cess": null, "tcs": null, "total": null}}, {"model": "transactions.salebilldetails", "pk": 20, "fields": {"billno": 20, "eway": null, "veh": null, "destination": null, "po": null, "cgst": null, "sgst": null, "igst": null, "cess": null, "tcs": null, "total": null}}, {"model": "transactions.salebilldetails", "pk": 21, "fields": {"billno": 21, "eway": null, "veh": null, "destination": null, "po": null, "cgst": null, "sgst": null, "igst": null, "cess": null, "tcs": null, "total": null}}, {"model": "transactions.salebilldetails", "pk": 22, "fields": {"billno": 22, "eway": null, "veh": null, "destination": null, "po": null, "cgst": null, "sgst": null, "igst": null, "cess": null, "tcs": null, "total": null}}, {"model": "transactions.salebilldetails", "pk": 23, "fields": {"billno": 23, "eway": null, "veh": null, "destination": null, "po": null, "cgst": null, "sgst": null, "igst": null, "cess": null, "tcs": null, "total": null}}, {"model": "transactions.salebilldetails", "pk": 24, "fields": {"billno": 24, "eway": null, "veh": null, "destination": null, "po": null, "cgst": null, "sgst": null, "igst": null, "cess": null, "tcs": null, "total": null}}, {"model": "transactions.salebilldetails", "pk": 25, "fields": {"billno": 25, "eway": null, "veh": null, "destination": null, "po": null, "cgst": null, "sgst": null, "igst": null, "cess": null, "tcs": null, "total": null}}, {"model": "transactions.salebilldetails", "pk": 26, "fields": {"billno": 26, "eway": null, "veh": null, "destination": null, "po": null, "cgst": null, "sgst": null, "igst": null, "cess": null, "tcs": null, "total": null}}, {"model": "transactions.salebilldetails", "pk": 27, "fields": {"billno": 27, "eway": null, "veh": null, "destination": null, "po": null, "cgst": null, "sgst": null, "igst": null, "cess": null, "tcs": null, "total": null}}, {"model": "transactions.salebilldetails", "pk": 28, "fields": {"billno": 28, "eway": null, "veh": null, "destination": null, "po": null, "cgst": null, "sgst": null, "igst": null, "cess": null, "tcs": null, "total": null}}, {"model": "transactions.salebilldetails", "pk": 29, "fields": {"billno": 29, "eway": null, "veh": null, "destination": null, "po": null, "cgst": null, "sgst": null, "igst": null, "cess": null, "tcs": null, "total": null}}, {"model": "auth.permission", "pk": 1, "fields": {"name": "Can add log entry", "content_type": ["admin", "logentry"], "codename": "add_logentry"}}, {"model": "auth.permission", "pk": 2, "fields": {"name": "Can change log entry", "content_type": ["admin", "logentry"], "codename": "change_logentry"}}, {"model": "auth.permission", "pk": 3, "fields": {"name": "Can delete log entry", "content_type": ["admin", "logentry"], "codename": "delete_logentry"}}, {"model": "auth.permission", "pk": 4, "fields": {"name": "Can view log entry", "content_type": ["admin", "logentry"], "codename": "view_logentry"}}, {"model": "auth.permission", "pk": 5, "fields": {"name": "Can add permission", "content_type": ["auth", "permission"], "codename": "add_permission"}}, {"model": "auth.permission", "pk": 6, "fields": {"name": "Can change permission", "content_type": ["auth", "permission"], "codename": "change_permission"}}, {"model": "auth.permission", "pk": 7, "fields": {"name": "Can delete permission", "content_type": ["auth", "permission"], "codename": "delete_permission"}}, {"model": "auth.permission", "pk": 8, "fields": {"name": "Can view permission", "content_type": ["auth", "permission"], "codename": "view_permission"}}, {"model": "auth.permission", "pk": 9, "fields": {"name": "Can add group", "content_type": ["auth", "group"], "codename": "add_group"}}, {"model": "auth.permission", "pk": 10, "fields": {"name": "Can change group", "content_type": ["auth", "group"], "codename": "change_group"}}, {"model": "auth.permission", "pk": 11, "fields": {"name": "Can delete group", "content_type": ["auth", "group"], "codename": "delete_group"}}, {"model": "auth.permission", "pk": 12, "fields": {"name": "Can view group", "content_type": ["auth", "group"], "codename": "view_group"}}, {"model": "auth.permission", "pk": 13, "fields": {"name": "Can add user", "content_type": ["auth", "user"], "codename": "add_user"}}, {"model": "auth.permission", "pk": 14, "fields": {"name": "Can change user", "content_type": ["auth", "user"], "codename": "change_user"}}, {"model": "auth.permission", "pk": 15, "fields": {"name": "Can delete user", "content_type": ["auth", "user"], "codename": "delete_user"}}, {"model": "auth.permission", "pk": 16, "fields": {"name": "Can view user", "content_type": ["auth", "user"], "codename": "view_user"}}, {"model": "auth.permission", "pk": 17, "fields": {"name": "Can add content type", "content_type": ["contenttypes", "contenttype"], "codename": "add_contenttype"}}, {"model": "auth.permission", "pk": 18, "fields": {"name": "Can change content type", "content_type": ["contenttypes", "contenttype"], "codename": "change_contenttype"}}, {"model": "auth.permission", "pk": 19, "fields": {"name": "Can delete content type", "content_type": ["contenttypes", "contenttype"], "codename": "delete_contenttype"}}, {"model": "auth.permission", "pk": 20, "fields": {"name": "Can view content type", "content_type": ["contenttypes", "contenttype"], "codename": "view_contenttype"}}, {"model": "auth.permission", "pk": 21, "fields": {"name": "Can add session", "content_type": ["sessions", "session"], "codename": "add_session"}}, {"model": "auth.permission", "pk": 22, "fields": {"name": "Can change session", "content_type": ["sessions", "session"], "codename": "change_session"}}, {"model": "auth.permission", "pk": 23, "fields": {"name": "Can delete session", "content_type": ["sessions", "session"], "codename": "delete_session"}}, {"model": "auth.permission", "pk": 24, "fields": {"name": "Can view session", "content_type": ["sessions", "session"], "codename": "view_session"}}, {"model": "auth.permission", "pk": 25, "fields": {"name": "Can add stock", "content_type": ["inventory", "stock"], "codename": "add_stock"}}, {"model": "auth.permission", "pk": 26, "fields": {"name": "Can change stock", "content_type": ["inventory", "stock"], "codename": "change_stock"}}, {"model": "auth.permission", "pk": 27, "fields": {"name": "Can delete stock", "content_type": ["inventory", "stock"], "codename": "delete_stock"}}, {"model": "auth.permission", "pk": 28, "fields": {"name": "Can view stock", "content_type": ["inventory", "stock"], "codename": "view_stock"}}, {"model": "auth.permission", "pk": 29, "fields": {"name": "Can add category", "content_type": ["inventory", "category"], "codename": "add_category"}}, {"model": "auth.permission", "pk": 30, "fields": {"name": "Can change category", "content_type": ["inventory", "category"], "codename": "change_category"}}, {"model": "auth.permission", "pk": 31, "fields": {"name": "Can delete category", "content_type": ["inventory", "category"], "codename": "delete_category"}}, {"model": "auth.permission", "pk": 32, "fields": {"name": "Can view category", "content_type": ["inventory", "category"], "codename": "view_category"}}, {"model": "auth.permission", "pk": 33, "fields": {"name": "Can add supplier", "content_type": ["transactions", "supplier"], "codename": "add_supplier"}}, {"model": "auth.permission", "pk": 34, "fields": {"name": "Can change supplier", "content_type": ["transactions", "supplier"], "codename": "change_supplier"}}, {"model": "auth.permission", "pk": 35, "fields": {"name": "Can delete supplier", "content_type": ["transactions", "supplier"], "codename": "delete_supplier"}}, {"model": "auth.permission", "pk": 36, "fields": {"name": "Can view supplier", "content_type": ["transactions", "supplier"], "codename": "view_supplier"}}, {"model": "auth.permission", "pk": 37, "fields": {"name": "Can add purchase bill", "content_type": ["transactions", "purchasebill"], "codename": "add_purchasebill"}}, {"model": "auth.permission", "pk": 38, "fields": {"name": "Can change purchase bill", "content_type": ["transactions", "purchasebill"], "codename": "change_purchasebill"}}, {"model": "auth.permission", "pk": 39, "fields": {"name": "Can delete purchase bill", "content_type": ["transactions", "purchasebill"], "codename": "delete_purchasebill"}}, {"model": "auth.permission", "pk": 40, "fields": {"name": "Can view purchase bill", "content_type": ["transactions", "purchasebill"], "codename": "view_purchasebill"}}, {"model": "auth.permission", "pk": 41, "fields": {"name": "Can add purchase item", "content_type": ["transactions", "purchaseitem"], "codename": "add_purchaseitem"}}, {"model": "auth.permission", "pk": 42, "fields": {"name": "Can change purchase item", "content_type": ["transactions", "purchaseitem"], "codename": "change_purchaseitem"}}, {"model": "auth.permission", "pk": 43, "fields": {"name": "Can delete purchase item", "content_type": ["transactions", "purchaseitem"], "codename": "delete_purchaseitem"}}, {"model": "auth.permission", "pk": 44, "fields": {"name": "Can view purchase item", "content_type": ["transactions", "purchaseitem"], "codename": "view_purchaseitem"}}, {"model": "auth.permission", "pk": 45, "fields": {"name": "Can add purchase bill details", "content_type": ["transactions", "purchasebilldetails"], "codename": "add_purchasebilldetails"}}, {"model": "auth.permission", "pk": 46, "fields": {"name": "Can change purchase bill details", "content_type": ["transactions", "purchasebilldetails"], "codename": "change_purchasebilldetails"}}, {"model": "auth.permission", "pk": 47, "fields": {"name": "Can delete purchase bill details", "content_type": ["transactions", "purchasebilldetails"], "codename": "delete_purchasebilldetails"}}, {"model": "auth.permission", "pk": 48, "fields": {"name": "Can view purchase bill details", "content_type": ["transactions", "purchasebilldetails"], "codename": "view_purchasebilldetails"}}, {"model": "auth.permission", "pk": 49, "fields": {"name": "Can add sale bill", "content_type": ["transactions", "salebill"], "codename": "add_salebill"}}, {"model": "auth.permission", "pk": 50, "fields": {"name": "Can change sale bill", "content_type": ["transactions", "salebill"], "codename": "change_salebill"}}, {"model": "auth.permission", "pk": 51, "fields": {"name": "Can delete sale bill", "content_type": ["transactions", "salebill"], "codename": "delete_salebill"}}, {"model": "auth.permission", "pk": 52, "fields": {"name": "Can view sale bill", "content_type": ["transactions", "salebill"], "codename": "view_salebill"}}, {"model": "auth.permission", "pk": 53, "fields": {"name": "Can add sale item", "content_type": ["transactions", "saleitem"], "codename": "add_saleitem"}}, {"model": "auth.permission", "pk": 54, "fields": {"name": "Can change sale item", "content_type": ["transactions", "saleitem"], "codename": "change_saleitem"}}, {"model": "auth.permission", "pk": 55, "fields": {"name": "Can delete sale item", "content_type": ["transactions", "saleitem"], "codename": "delete_saleitem"}}, {"model": "auth.permission", "pk": 56, "fields": {"name": "Can view sale item", "content_type": ["transactions", "saleitem"], "codename": "view_saleitem"}}, {"model": "auth.permission", "pk": 57, "fields": {"name": "Can add sale bill details", "content_type": ["transactions", "salebilldetails"], "codename": "add_salebilldetails"}}, {"model": "auth.permission", "pk": 58, "fields": {"name": "Can change sale bill details", "content_type": ["transactions", "salebilldetails"], "codename": "change_salebilldetails"}}, {"model": "auth.permission", "pk": 59, "fields": {"name": "Can delete sale bill details", "content_type": ["transactions", "salebilldetails"], "codename": "delete_salebilldetails"}}, {"model": "auth.permission", "pk": 60, "fields": {"name": "Can view sale bill details", "content_type": ["transactions", "salebilldetails"], "codename": "view_salebilldetails"}}, {"model": "auth.user", "pk": 1, "fields": {"password": "pbkdf2_sha256$216000$gZBVEqiICLv6$OPts4Oip09W724kFM3LylJ2lUQ5hqkcAroLx+Y2KLIE=", "last_login": "2021-12-02T14:12:40.497Z", "is_superuser": true, "username": "luciano", "first_name": "", "last_name": "", "email": "", "is_staff": true, "is_active": true, "date_joined": "2021-11-25T21:39:59.693Z", "groups": [], "user_permissions": []}}, {"model": "transactions.purchasebill", "pk": 12, "fields": {"time": "2021-11-26T22:20:55.760Z", "supplier": 1, "buyer": ["luciano"]}}, {"model": "transactions.purchasebill", "pk": 13, "fields": {"time": "2021-11-29T20:45:08.241Z", "supplier": 1, "buyer": ["luciano"]}}, {"model": "transactions.purchasebill", "pk": 14, "fields": {"time": "2021-11-30T00:45:03.436Z", "supplier": 1, "buyer": ["luciano"]}}, {"model": "transactions.purchasebill", "pk": 15, "fields": {"time": "2021-11-30T21:05:24.489Z", "supplier": 1, "buyer": ["luciano"]}}, {"model": "transactions.purchasebill", "pk": 16, "fields": {"time": "2021-11-30T21:07:37.608Z", "supplier": 1, "buyer": ["luciano"]}}, {"model": "transactions.purchasebill", "pk": 17, "fields": {"time": "2021-12-01T01:32:28.640Z", "supplier": 1, "buyer": ["luciano"]}}, {"model": "transactions.purchasebill", "pk": 18, "fields": {"time": "2021-12-01T01:32:55.503Z", "supplier": 1, "buyer": ["luciano"]}}, {"model": "transactions.purchasebill", "pk": 19, "fields": {"time": "2021-12-02T01:07:53.359Z", "supplier": 1, "buyer": ["luciano"]}}, {"model": "transactions.purchasebill", "pk": 20, "fields": {"time": "2021-12-02T02:56:55.012Z", "supplier": 1, "buyer": ["luciano"]}}, {"model": "transactions.purchasebill", "pk": 21, "fields": {"time": "2021-12-02T03:00:46.207Z", "supplier": 1, "buyer": ["luciano"]}}, {"model": "transactions.purchasebill", "pk": 22, "fields": {"time": "2021-12-02T03:12:43.013Z", "supplier": 1, "buyer": ["luciano"]}}, {"model": "transactions.purchasebill", "pk": 23, "fields": {"time": "2021-12-02T03:16:06.125Z", "supplier": 1, "buyer": ["luciano"]}}, {"model": "transactions.purchasebill", "pk": 24, "fields": {"time": "2021-12-02T10:03:20.837Z", "supplier": 1, "buyer": ["luciano"]}}, {"model": "transactions.purchasebill", "pk": 25, "fields": {"time": "2021-12-02T11:11:01.038Z", "supplier": 1, "buyer": ["luciano"]}}, {"model": "transactions.purchaseitem", "pk": 18, "fields": {"billno": 17, "stock": 17, "buyer": ["luciano"], "quantity": 0, "perprice": 1, "totalprice": 0}}, {"model": "transactions.purchaseitem", "pk": 19, "fields": {"billno": 18, "stock": 17, "buyer": ["luciano"], "quantity": 4, "perprice": 1, "totalprice": 4}}, {"model": "transactions.purchaseitem", "pk": 20, "fields": {"billno": 19, "stock": 14, "buyer": ["luciano"], "quantity": 0, "perprice": 1, "totalprice": 0}}, {"model": "transactions.purchaseitem", "pk": 21, "fields": {"billno": 20, "stock": 16, "buyer": ["luciano"], "quantity": 1, "perprice": 1, "totalprice": 1}}, {"model": "transactions.purchaseitem", "pk": 22, "fields": {"billno": 21, "stock": 16, "buyer": ["luciano"], "quantity": 1, "perprice": 3, "totalprice": 3}}, {"model": "transactions.purchaseitem", "pk": 23, "fields": {"billno": 21, "stock": 14, "buyer": ["luciano"], "quantity": 2, "perprice": 2, "totalprice": 4}}, {"model": "transactions.purchaseitem", "pk": 24, "fields": {"billno": 21, "stock": 14, "buyer": ["luciano"], "quantity": 0, "perprice": 0, "totalprice": 0}}, {"model": "transactions.purchaseitem", "pk": 25, "fields": {"billno": 22, "stock": 14, "buyer": ["luciano"], "quantity": 1, "perprice": 1, "totalprice": 1}}, {"model": "transactions.purchaseitem", "pk": 26, "fields": {"billno": 23, "stock": 16, "buyer": ["luciano"], "quantity": 1, "perprice": 1, "totalprice": 1}}, {"model": "transactions.purchaseitem", "pk": 27, "fields": {"billno": 24, "stock": 16, "buyer": ["luciano"], "quantity": 1, "perprice": 1, "totalprice": 1}}, {"model": "transactions.purchaseitem", "pk": 28, "fields": {"billno": 24, "stock": 16, "buyer": ["luciano"], "quantity": 1, "perprice": 1, "totalprice": 1}}, {"model": "transactions.purchaseitem", "pk": 29, "fields": {"billno": 25, "stock": 16, "buyer": ["luciano"], "quantity": 1, "perprice": 11, "totalprice": 11}}, {"model": "admin.logentry", "pk": 1, "fields": {"action_time": "2021-11-25T21:40:35.137Z", "user": ["luciano"], "content_type": ["inventory", "stock"], "object_id": "1", "object_repr": "Cerveza", "action_flag": 1, "change_message": "[{\"added\": {}}]"}}, {"model": "admin.logentry", "pk": 2, "fields": {"action_time": "2021-11-25T21:44:18.405Z", "user": ["luciano"], "content_type": ["inventory", "category"], "object_id": "1", "object_repr": "Bebidas", "action_flag": 1, "change_message": "[{\"added\": {}}]"}}, {"model": "admin.logentry", "pk": 3, "fields": {"action_time": "2021-11-25T21:45:18.499Z", "user": ["luciano"], "content_type": ["inventory", "stock"], "object_id": "1", "object_repr": "Cerveza", "action_flag": 2, "change_message": "[{\"changed\": {\"fields\": [\"Category\"]}}]"}}, {"model": "admin.logentry", "pk": 4, "fields": {"action_time": "2021-11-25T22:31:34.214Z", "user": ["luciano"], "content_type": ["inventory", "category"], "object_id": "2", "object_repr": "COmida", "action_flag": 1, "change_message": "[{\"added\": {}}]"}}]